CONTENT,CLASS
"Huh, anyway check out this you[tube] channel: kobyoshi02",spam
"Hey guys check out my new channel and our first vid THIS IS US THE  MONKEYS!!! I'm the monkey in the white shirt,please leave a like comment  and please subscribe!!!!",spam
just for test I have to say murdev.com,spam
me shaking my sexy ass on my channel enjoy ^_^ Ôªø,spam
watch?v=vtaRGgvGtWQ   Check this out .Ôªø,spam
"Hey, check out my new website!! This site is about kids stuff. kidsmediausa  . com",spam
Subscribe to my channel Ôªø,spam
i turned it on mute as soon is i came on i just wanted to check the  views...Ôªø,not spam
You should check my channel for Funny VIDEOS!!Ôªø,spam
and u should.d check my channel and tell me what I should do next!Ôªø,spam
Hey subscribe to meÔªø,spam
 Once you have started reading do not stop. If you do not subscribe to me  within one day you and you're entire family will die so if you want to stay  alive subscribe right now.Ôªø,spam
https://twitter.com/GBphotographyGBÔªø,spam
subscribe like commentÔªø,spam
please like :D https://premium.easypromosapp.com/voteme/19924/616375350Ôªø,spam
"Hello! Do you like gaming, art videos, scientific experiments, tutorials,  lyrics videos, and much, much more of that? If you do please check out our  channel and subscribe to it, we've just started, but soon we hope we will  be able to cover all of our expectations... You can also check out what  we've got so far!Ôªø",spam
I'm only checking the viewsÔªø,not spam
http://www.ebay.com/itm/171183229277?ssPageName=STRK:MESELX:IT&amp;_trksid=p3984.m1555.l2649 Ôªø,spam
http://ubuntuone.com/40beUutVu2ZKxK4uTgPZ8KÔªø,spam
"We are an EDM apparel company dedicated to bringing you music inspired  designs. Our clothing is perfect for any rave or music festival. We have  NEON crop tops, tank tops, t-shirts, v-necks and accessories! follow us on  Facebook or on instagraml for free giveaways news and more!! visit our site  at OnCueApparelÔªø",spam
i think about 100 millions of the views come from people who only wanted to  check the viewsÔªø,not spam
subscribe to my channel people :DÔªø,spam
Show your AUBURN PRIDE HERE: http://www.teespring.com/tigermeathoodieÔªø,spam
just checking the viewsÔªø,not spam
CHECK OUT MY CHANNEL,spam
marketglory . com/strategygame/andrijamatf earn real money from game,spam
Hey guys! Im a 12 yr old music producer. I make chiptunes and 8bit music.  It would be wonderful if you checked out some of my 8bit remixes! I even  have a gangnamstyle 8bit remix if you would like to check that out ;)  Thanks!!,spam
Check me out! I'm kyle. I rap so yeah Ôªø,spam
I dont even watch it anymore i just come here to check on 2 Billion or notÔªø,not spam
"Subscribe to me for free Android games, apps.. Ôªø",spam
everyone please come check our newest song in memories of Martin Luther  King Jr.Ôªø,spam
"Came here to check the views, goodbye.Ôªø",not spam
sub my channel for no reason -_-Ôªø,spam
"Check out my dubstep song ""Fireball"", made with Fruity Loops. I really took  time in it.  /watch?v=telOA6RIO8oÔªø",spam
2 billion....Coming soonÔªø,not spam
Why dafuq is a Korean song so big in the USA. Does that mean we support  Koreans? Last time I checked they wanted to bomb us. Ôªø,not spam
Check my channel please! And listen to the best music ever :PÔªø,spam
SUB 4 SUB PLEASE LIKE THIS COMMENT I WANT A SUCCESFULL YOUTUBE SO PPLEASE LIKE THIS  COMMENT AND SUBSCRIBE IT ONLY TAKES 10 SECONDS PLEASE IF YOU SUBSCRIBE ILL  SUBSCRIBE BACK THANKSÔªø,spam
" Hey everyone!! I have just started my first YT channel i would be grateful  if some of you peoples could check out my first clip in BF4! and give me  some advice on how my video was and how i could improve it. ALSO be sure to  go check out the about to see what Im all about. Thanks for your time :) .  and to haters... You Hate, I WINÔªø",spam
"The projects After Effects, Music, Foto, Web sites and another you can find  and buy here  http://audiojungle.net/user/EugeneKalinin/portfolio?ref=EugeneKalininÔªø",spam
YouTube/codytolleson for awesome videos I'll subscribe back Ôªø,spam
if you like roblox minecraft world of warcraft gta5 mario suscribe to my  channelÔªø,spam
SUBSCRIBE TO ME AND I'LL SUBSCRIBE TO YOU! (Must like - cZFcxsn0jnQ) Ôªø,spam
http://www.twitch.tv/jaroadc come follow and watch my stream!Ôªø,spam
"if you like raw talent, raw lyrics, straight real hip hop Everyone check my newest sound  Dizzy X - Got the Juice (Prod by. Drugs the Model Citizen)   COMMENT TELL ME WHAT YOU THINK  DONT BE LAZY!!!!  - 1/7 ProphetzÔªø",spam
....subscribe......  ......to my........  .....channel.......Ôªø,spam
"now its 1,884,034,783 views! pls. comment the view count the next hour :PÔªø",not spam
http://www.avaaz.org/po/petition/Youtube_Corporation_Fox_Broadcasting_Company_Anular_os_strikes_no_Canal_Nostalgia/?cXPZpgb Ôªø,spam
go here to check the views :3Ôªø,not spam
thumbs up if u checked this video to see hw views it gotÔªø,not spam
Plz subscribe to my channel and I will subscribe back xxÔªø,spam
i check back often to help reach 2x10^9 views and I avoid watching BabyÔªø,not spam
This video will get to 2 billion just because of people checking if it has  hit 2 billion yet.Ôªø,not spam
https://www.facebook.com/pages/Brew-Crew-2014/134470083389909 Like this  facebook-page! Chance to win an Iphone 5S!Ôªø,spam
get GWAR to play 2015 superbowl  http://www.change.org/petitions/the-national-football-league-allow-gwar-to-perform-the-2015-super-bowl-halftime-show#share Ôªø,spam
Pls follow this channel!! http://www.twitch.tv/sevadusÔªø,spam
hi guys check my youtube channelÔªø,spam
Subscribe and like to me for more how to videos on minecraft!Ôªø,spam
http://tankionline.com#friend=cd92db3f4 great game check it out!Ôªø,spam
Subscribe ME!Ôªø,spam
Im just to check how much views it hasÔªø,not spam
The first comment is chuck norrus ovbiously :DÔªø,not spam
Behold the most viewed youtube video in the history of everÔªø,not spam
when is this gonna hit 2 billion?Ôªø,not spam
the most viewed youtube video of all time?Ôªø,not spam
"969,210 dislikes like dislike themselvesÔªø",not spam
psy=koreanÔªø,not spam
"OMG this oldspice spraytan party commercial omg....i'm sitting here ""NO  this isn't a real thing is it? OMG"" Ôªø",not spam
"This is the only video on youtube that get so much views just because we  want to see how much views it has. 1.000.000 every day, I mean, Most people  think a video is popular when it actually gets 1.000.000 views.Ôªø",not spam
It's been back for quite a while now.,not spam
2 Billions in 2014,not spam
plz check out fablife / welcome to fablife for diys and challenges so plz  subscribe thx!Ôªø,spam
Sub my channel!Ôªø,spam
http://www.ebay.com/itm/131338190916?ssPageName=STRK:MESELX:IT&amp;_trksid=p3984.m1555.l2649 Ôªø,spam
http://www.guardalo.org/best-of-funny-cats-gatti-pazzi-e-divertenti-2013-5287/100000415527985/ Ôªø,spam
"if your like drones, plz subscribe to Kamal Tayara. He takes videos with  his drone that are absolutely beautiful.Ôªø",spam
http://hackfbaccountlive.com/?ref=4604617Ôªø,spam
"WHATS UP EVERYONE!? :-) I Trying To Showcase My Talent To The World! I Have Over 3000 SUBSCRIBERS! I PROMISE! I Dont Suck! Please Spread My Covers Around, SUBSCRIBE &amp; Share! Thanks so much for all your support! Lucas Trigo -Stay Awesome! Ôªø",spam
-----&gt;&gt;&gt;&gt;  https://www.facebook.com/video.php?v=10200253113705769&amp;set=vb.201470069872822&amp;type=3&amp;permPage=1  &lt;--------Ôªø,spam
"Hi there~I'm group leader of Angel, a rookie Korean pop group. We have four  members, Chanicka, Julie, Stephanie, and myself, Leah. Please feel free to  check out our channel and leave some feedback on our cover videos (:  criticism is welcome as we know we're not top notch singers so please come  leave some constructive feedback on our videos; we appreciate any chance to  improve before auditioning for a Korean management company. We plan on  auditioning for JYP, BigHit, Jellyfish, YG or SM. Thank you for taking time  out of your day to read this !Ôªø",spam
http://woobox.com/33gxrf/brt0u5 FREE CS GO!!!!Ôªø,spam
Admit it you just came here to check the number of viewers Ôªø,not spam
"Just coming to check if people are still viewing this video. And  apparently, they still do.Ôªø",not spam
Check my first video outÔªø,spam
Check my channelÔªø,spam
PSY - GANGNAM STYLE (Í∞ïÎÇ®Ïä§ÌÉÄÏùº) M/V: http://youtu.be/9bZkp7q19f0Ôªø,not spam
Suscribe My Channel Please XD lolÔªø,spam
Wow. Comments section on this still active. Not bad. Also 5277478 comments.  (Now 79)Ôªø,not spam
http://binbox.io/1FIRo#123Ôªø,spam
Ching Ching ling long ding ring yaaaaaa Ganga sty FUCK YOU.Ôªø,not spam
https://www.indiegogo.com/projects/cleaning-the-pan--2    please halp me  with my projectÔªø,spam
There is one video on my channel about my brother...Ôªø,spam
"Check my channel, please!Ôªø",spam
"Does anyone here use gift cards like Amazon, itunes, psn, google play,  itunes, or any other gift cards? Then you'll be happy to know you can get  free gift card codes for free from an amazing site. Here is a $50 itunes  gift card code XXBB5TCZHM39HVZDÔªø",spam
Why does this video have so many views? Because asian things are awesome and non-asian countries are jelly so they  try to learn from asia by looking at this video d:Ôªø,not spam
Plizz withing my channel Ôªø,spam
I made a gaming channel (Unique right?) :L Angry Minecraft!Ôªø,spam
Please help me go here http://www.gofundme.com/littlebrotherÔªø,spam
Anybody who subscribes to me will get 10 subscribersÔªø,spam
http://thepiratebay.se/torrent/6381501/Timothy_Sykes_CollectionÔªø,spam
"My videos are half way decent, check them out if you want.Ôªø",spam
"they said this video are not deserve 2billion views , while they keep  visiting it to watch the viewer . Ôªø",not spam
subscribe to itz recaps and above diddleÔªø,spam
Screw this Chinese crap i dont even understand what he is saying. Why isn't  he speaking English like everyone should?Ôªø,not spam
need money?Enjoy https://www.tsu.co/emerson_zanolÔªø,spam
Sub to my channel visuelgamingzNL I sub backÔªø,spam
please subscribe i am a new youtuber and need help please subscribe and i  will subscribe back :D hoppa HOPPA GaNgAm StYlEÔªø,spam
sub me if you dont like the songÔªø,spam
This is a weird video.Ôªø,not spam
8 million likes xD even the subscribers not 8 million xDÔªø,not spam
EHI GUYS CAN YOU SUBSCRIBE IN MY CHANNEL? I AM A NEW YOUTUBER AND I PLAY  MINECRAFT THANKS GUYS!... SUBSCRIBE!Ôªø,spam
Hi everyone! Do you like music? Then why not check out my music channel.  The LEXIS band will be uploading their own songs and covers soon so don't  miss out. Please SUBSCRIBE too as it does help us out a lot. Just takes one  click. -&gt;Ôªø,spam
This song never gets old love it.Ôªø,not spam
gofundme.com/grwmpsÔªø,spam
"Hey guys please check out my new Google+ page it has many funny pictures,  FunnyTortsPics  https://plus.google.com/112720997191206369631/postÔªø",spam
#2012bitchesÔªø,not spam
Made in china....Ôªø,not spam
5 milions comentars and 2 bilion viewsÔªø,not spam
It is 0 zeroÔªø,not spam
Mix - PSY - GANGNAM STYLE (Í∞ïÎÇ®Ïä§ÌÉÄÏùº) M/V: PSY - GANGNAM STYLE (Í∞ïÎÇ®Ïä§ÌÉÄÏùº) M/VÔªø,not spam
This has had over 2 billion views.  Holy shit.Ôªø,not spam
"how can there be 2.124.821.694 views, when im the only person alive after  the zombie apocalypse - greetings, spoderman :)Ôªø",not spam
Suscribe my channel pleaseÔªø,spam
"2,124923004 wiews... wowÔªø",not spam
guys please subscribe me to help my channel grow please guysÔªø,spam
Great music anywayÔªø,not spam
PSY - GANGNAM STYLE (Í∞ïÎÇ®Ïä§ÌÉÄÏùº) M/V: http://youtu.be/9bZkp7q19f0Ôªø,not spam
"so crazy, over 2 billion views, not US, not Uk, its Korea republic, its  asiaÔªø",not spam
Discover a beautiful song of A young Moroccan     http://www.linkbucks.com/AcN2gÔªø,spam
"Like getting Gift cards..but hate spending the cash.... Try Juno Wallet !!! At Juno Wallet you can earn money for gift cards such as ; Nike, Gamestop,  Amazon , Ebay Etc &amp; its easy  Earn money by doing simple task like watching videos..downloading apps &amp;  you can even earn money by inviting your friends to join...its free for  signup Sign up today &amp; use promo code BD3721315Ôªø",spam
Can somebody wake me up when we get to 3 billion views.Ôªø,not spam
PSY GOT LOTS  OF MONEY FROM YOUTUBE THAT HE GOT FROM 2 BILLION VIEWS THIS  IS THE MOST VIEWS IN THE WORLD :DÔªø,not spam
Justin bieber = gay Ôªø,not spam
You gotta say its funny. well not 2 billion worth funny but still. It  clicked and everything went uphill. At least you don't have JB's shit on  #1.Ôªø,not spam
‚ù§Ô∏è ‚ù§Ô∏è ‚ù§Ô∏è ‚ù§Ô∏è ‚ù§Ô∏è‚ù§Ô∏è‚ù§Ô∏è‚ù§Ô∏èÔªø,not spam
"Ahhh, 2 years ago....Ôªø",not spam
"Dance dance,,,,,Psy  http://www.reverbnation.com/msmarilynmilesÔªø",spam
"check out ""starlitnightsky"" channel to see epic videosÔªø",spam
https://www.tsu.co/KodysMan plz ^^Ôªø,spam
Stupid people... this video doesnt have 2 billion visits. Have 2 thousands  millionsÔªø,not spam
http://www.gcmforex.com/partners/aw.aspx?Task=JoinT2&amp;AffiliateID=9107Ôªø,spam
check men out i put allot of effort into my music but unfortunatly not many  watch itÔªø,spam
pls http://www10.vakinha.com.br/VaquinhaE.aspx?e=313327 help me get vip gun  cross fire alÔªø,spam
Add me here...https://www.facebook.com/TLouXmusicÔªø,spam
CHECK MY CHANNEL OUT PLEASE. I DO SINGING COVERSÔªø,spam
I think this is now a place to promote channels in the comment section lol.Ôªø,not spam
Get free gift cards and pay pal money!Ôªø,spam
Check out pivot animations in my channelÔªø,spam
Follow me on twitter &amp; IG : __killuminati94Ôªø,spam
Check me out I'm all about gaming Ôªø,spam
Oppa! Yeah! Best Song!Ôªø,not spam
More... http://www.sunfrogshirts.com/Sunglass-World.html?24398Ôªø,spam
https://www.facebook.com/teeLaLaLaÔªø,spam
http://www.twitch.tv/zxlightsoutxzÔªø,spam
reminds me of this song https://soundcloud.com/popaegis/wrenn-almond-eyesÔªø,spam
What free gift cards? Go here  http://www.swagbucks.com/p/register?rb=13017194Ôªø,spam
"Search ""Chubbz Dinero - Ready Or Not "" Thanks Ôªø",spam
Follow me on Twitter @mscalifornia95Ôªø,spam
üò´üòìüòèüò™üòîüòñüòåüò≠üòéüòöüòòüòôüòóüòãüòùüòúüòõüòçüòíüòûüò∑üò∂üòµüò≥üò≤üò±üòüüò∞üò©üò®üòßüò¶üò•üò§üò£üòÆüò¥üò¢üò°üò†üò¨üòïüòëüòêüòØüòâüòàüòáüòÜüòÖüòÑüòÉüòÇüòÅüòÄüòä‚ò∫  every single types of face on earthÔªø,not spam
‚ñ¨‚ñ¨‚ñ¨‚ñ¨‚ñ¨‚ñ¨‚ñ¨‚ñ¨‚ñ¨‚ñ¨‡Æú€©€û€©‡Æú‚ñ¨‚ñ¨‚ñ¨‚ñ¨‚ñ¨‚ñ¨‚ñ¨‚ñ¨ Ôº§Ôº°Ôº≠ÔºÆ Ôº¥Ôº®Ôº©Ôº≥ Ôº£ÔºØÔº≠Ôº≠Ôº•ÔºÆÔº¥ Ôº©Ôº≥ Ôº¶Ôº°ÔºÆÔº£Y ‚ñ¨‚ñ¨‚ñ¨‚ñ¨‚ñ¨‚ñ¨‚ñ¨‚ñ¨‚ñ¨‚ñ¨‡Æú€©€û€©‡Æú‚ñ¨‚ñ¨‚ñ¨‚ñ¨‚ñ¨‚ñ¨‚ñ¨‚ñ¨Ôªø,not spam
CHECK MY CHANNEL FOR MY NEW SONG 'STATIC'!! YOU'LL LOVE IT!!Ôªø,spam
Incmedia.org where the truth meets you.Ôªø,spam
look at my channel i make minecraft pe lets play Ôªø,spam
I found out this song nowÔªø,not spam
2 BILLION!!!Ôªø,not spam
Song name??Ôªø,not spam
please like : http://www.bubblews.com/news/9277547-peace-and-brotherhoodÔªø,spam
hey again if you guys wouldnt mind chacking out my rap give it like and il  giver 3 of your vids a likeÔªø,spam
http://www.amazon.co.uk/gp/offer-listing/B00ECVF93G/sr=8-2/qid=1415297812/ref=olp_tab_refurbished?ie=UTF8&amp;condition=refurbished&amp;qid=1415297812&amp;sr=8-2 Ôªø,spam
"The most watched video on YouTube is Psy‚Äôs ‚ÄúGangnam Style‚Äù, with 2.1  billion views. PSY - GANGNAM STYLE (Í∞ïÎÇ®Ïä§ÌÉÄÏùº) M/VÔªø",not spam
Subscribe to me and I'll subscribe back!!!Ôªø,spam
http://flipagram.com/f/LUkA1QMrhFÔªø,spam
For Christmas Song visit my channel! ;)Ôªø,spam
http://www.gofundme.com/gvr7xgÔªø,spam
Subscribe to me i subscribe back!!!! Plus i have a nice ass lolÔªø,spam
https://www.change.org/p/facebook-twitter-youtube-do-not-censor-julien-blanc Ôªø,spam
https://soundcloud.com/jackal-and-james/wrap-up-the-nightÔªø,spam
https://www.surveymonkey.com/s/CVHMKLTÔªø,spam
Please give us a chance and check out the new music video on our channel!  You won't be disappointed.Ôªø,spam
Please subscribe to meÔªø,spam
"This is the best, funny and viral video of history (youtube) THE TRUEÔªø",not spam
Please check out my vidiosÔªø,spam
OPPA GANGNAM STYLE!!!Ôªø,not spam
"The funny thing is, 1,700,000,000 of the views are spam bots. I mean c'mon  2 BILLION views? BS!Ôªø",not spam
OPPA &lt;3Ôªø,not spam
It's so funny it's awesomeness lol aaaaaaa sexy ladaüòÇÔªø,not spam
most viewed video in the worldÔªø,not spam
I'm here to check the views.. holy shitÔªø,not spam
"Dear person reading this, You are beautiful and loving Have a great dayÔªø",not spam
http://www.ermail.pl/dolacz/V3VeYGIN CLICK  http://www.ermail.pl/dolacz/V3VeYGIN  http://www.ermail.pl/dolacz/V3VeYGIN  http://www.ermail.pl/dolacz/V3VeYGIN  http://www.ermail.pl/dolacz/V3VeYGIN  http://www.ermail.pl/dolacz/V3VeYGIN  http://www.ermail.pl/dolacz/V3VeYGINÔªø,spam
Have you tried a new social network TSU? This new social network has a  special thing.You can share the posts as well as on fb and twitter and even  to'll get paid You can registr here:  https://www.tsu.co/WORLDWIDE_LIFEÔªø,spam
The Guy in the yellow suit kinda looks like Jae-suk Ôªø,not spam
"People, here is a new network like FB...you register also free, the  difference is only that you get paid for sharing, commenting and liking  posts and so one...don't waste your time on fb for sharing and not being  paid!! Register here to make also money with your everyday posts!!  https://www.tsu.co/slema13 Wellcome to everyone! ;)Ôªø",spam
How are there 2 billion views and theres only 2 million people in the  world!?!?!?!! MULTIPLE ACCOUNTS!!!1111Ôªø,not spam
WAT DA FUCK THIS THE MOST VIEWED VIDEO IN YOUTUBE!Ôªø,not spam
OMG 2/7 People watched this video because there are 7 billion people in the  world and 2 billion watched thisÔªø,not spam
What is he saying?!?!?!?!?!?!?!?$? Ôªø,not spam
this has so many viewsÔªø,not spam
OMG over 2 billion views!Ôªø,not spam
Subscribe to me plz plz plz plz plz plZ Ôªø,spam
http://www.twitch.tv/tareko100 Follow him on twitch and enter the keyword  !5800 and you'll have a chance of winning a really nice and expensive gun  for csgo that you can sell on the steam marketÔªø,spam
"i am 2,126,492,636 viewer :DÔªø",not spam
https://www.tsu.co/Aseris get money here !Ôªø,spam
Fantastic!Ôªø,not spam
The population of world is more than 7 billionÔªø,not spam
2.126.521.750  views!!!!!!!!!!!!!!!!!Ôªø,not spam
Wow 23 min agoÔªø,not spam
SUPER!!! !!!!!!!!!!!!!!!!!!!!!!!!!!!!!!!!!!!!!!!!Ôªø,not spam
P E A C E  &amp;  L O V E  ! !Ôªø,not spam
How can this music video get 2 billion views while im the only one watching  here on earth?????? lolÔªø,not spam
Please friend read my book and repass: http://www.4shared.com/web/preview/pdf/CjFofTxeba?Ôªø,spam
subscribe to me :) Ôªø,spam
Still the best. :DÔªø,not spam
The most liked video on YouTube...Ôªø,not spam
Still watching this 2 years later? Ôªø,not spam
"Hello! I'm kind of new to Youtube, And soon i'm soon going to be making  Launchpad Video's! :D I would really appreciate if i got some subs before i  started so that people can spot me easily! I dont really care about hate  comments so dont bother -_-Ôªø",spam
"Lol...I dunno how this joke gets a lot of likes, but whatever. xDÔªø",not spam
2 Billion Views For This Piece Of Shit... ~ A R E ~ Y O U ~ K I D D I N G ~ M E ~Ôªø,not spam
GANGMAN STY- *D-D-D-D-D-D--DROP THE BASS!!*Ôªø,not spam
Will this song ever reach 7 Billion Views?Ôªø,not spam
"Im a RAPPER/SONGWRITER, check my video PLEASE..also subscribe for more  thanks :) tell me what you think.Ôªø",spam
"Hello all 29.24% earth population of the world, hope your having a great  day :)Ôªø",not spam
"Is this the video that started the whole ""got my dick stuck in an elevator""  excuse thing? Ôªø",not spam
Can anyone sub to my channel? :DÔªø,spam
prehistoric song..has beenÔªø,not spam
You think you're smart?        Headbutt your face.Ôªø,not spam
DISLIKE.. Now one knows REAL music - ex. Enimen Ôªø,not spam
Loool nice song funny how no one understands (me) and we love itÔªø,not spam
Like if you came here too see how many views this song has.Ôªø,not spam
We pray for you Little Psy ‚ô°Ôªø,not spam
"''Little Psy, only 5 months left.. Tumor in the head :( WE WILL MISS U &lt;3Ôªø",not spam
 Follow me on Instagram. _chris_cz  Ôªø,spam
how is this shit still relevant Ôªø,not spam
LOL this shit never gets oldÔªø,not spam
What Can i say....This Song He Just Change The World Completely... So good job PSY... (and your girls are awesome :))) )Ôªø,not spam
On 0:02 u can see the camera man on his glasses....Ôªø,not spam
this comment is wrongÔªø,not spam
i hate this music. fucking singer and every koean chainise ana US sucks me dick.Ôªø,not spam
2:05. Hahahahah Ôªø,not spam
Can we reach 3 billion views by December 2014? Ôªø,not spam
"Dumb Guy: Why is there 2 billion views when there are 7 million people on  earth??? Also, I know what 1+1 equals! 1+1=1! I am a smartie pantsÔªø",not spam
"People Who Say That ""This Song Is Too Old Now, There's No Point Of  Listening To It"" Suck. Just Stfu And Enjoy The Music. So, Your Mom Is Old  Too But You Still Listen To Her Right?....Ôªø",not spam
The Funny Thing Is That this song was made in 2009 but it took 2 years to  get to america.Ôªø,not spam
why I dont see any comments but mine?:/Ôªø,not spam
this jap is such a piece of shit. he is such a worthless fish head. i dont  know how any one likes this dumb untanlted gook. this isnt even fucken  music. this is so fucking sad that this is even such thing. people are so  fucked up.Ôªø,not spam
I remember when everyone was obsessed with Gangnam Style üòóÔªø,not spam
Remove This video its wankÔªø,not spam
"It's so hard, sad :( iThat little child Actor HWANG MINOO dancing very  active child is suffering from brain tumor, only 6 month left for him .Hard  to believe .. Keep praying everyone for our future superstar.  #StrongLittlePsY #Fighting  SHARE EVERYONE PRAYING FOR HIM http://ygunited.com/2014/11/08/little-psy-from-the-has-brain-tumor-6-months-left-to-live/ Ôªø",spam
"Why the fuck this keeps updated? Comments :""5 minutes ago"" Song: ""2 years and  4 months ago""Ôªø",not spam
MANY MEMORIES...........Ôªø,not spam
why are they 5million comments when there is only 279.898 youtube Users.   5million fake account or PSY hacked youtubeÔªø,not spam
"2,000,000,000 out of 7,000,000,000 people in the would saw this video just  in 2 years and yeat i only get 2 words out of the hole songÔªø",not spam
"This video is so cool, again and again!Ôªø",not spam
I am now going to voyage to the first comment...      Tell my family I loved them. üò¢Ôªø,not spam
"How did THIS Video in all of YouTube get this many views and likes? Why  Gangnam style? I don't have a problem with it, i just don't understand the  phenomena behind it, it's just like any other random music video out  there. Ôªø",not spam
With the korean girl more slut and bitch : Hyuna :'33Ôªø,not spam
Hey guys! Check this out: Kollektivet - Don't be slappin' my penis!  I  think that they deserve much more credit than they receive.Ôªø,spam
Still a very fun music video to watch! Ôªø,not spam
C'mon 3 billion views!!!!!!!!Ôªø,not spam
"Hey everyone, I am a new channel and will post videos of book reviews and  music on the flute. Please subscribe if you would enjoy that. Thanks!Ôªø",spam
"Hey I think I know what where dealing with here!!!! I have some theories of  how this could've gotten 2billion hits!! 1. This was mabey made in korea and its realy popular there so they were  stuck watching this over and over again. 2. Over 2billion people have access to the Internet, including youtube, and  the numbers are rising, by 2017 half of the populatoin will be connected. 3. Hackers In Korea may have loved it so much they rised it to 2billion  hits to make it more popular.  4. The song was featured in a just dance game, on multiple mp3s, and been  seen on concerts and even on new years eve event in 2012, so just by seeing  those you mabey adding more hits to this video. 5. You are complaining to much on how the heck this has 2b hits.Ôªø",not spam
subscribe my chanelÔªø,spam
"THIS HAS MORE VIEWS THAN QUEEN AND MICHAEL JACKSON, 2 BILLION views omgÔªø",not spam
LoLÔªø,not spam
If you pause at 1:39 at the last millisecond you can see that that chick is  about to laugh. Takes a few tries.Ôªø,not spam
"9 year olds be like, 'How does this have 2 billion views when there are  only 3 people in the world'Ôªø",not spam
PSY is a good guyÔªø,not spam
WHY DOES THIS HAVE 2 BILLION VIEWS THIS SONG IS SO ANNOYINGÔªø,not spam
https://www.facebook.com/pages/Mathster-WP/1495323920744243?ref=hlÔªø,spam
1 millioon dislikesssssssssssssssssssssssssssssssss.............Ôªø,not spam
The little PSY is suffering Brain Tumor and only has 6 more months to live.  Please pray to him and the best lucks.Ôªø,not spam
For all of the little kidz out there there is Like 7 to 8 Billon people on  earth NOT 7 to 8 MILLON.Get you facts straight before posting comments.Ôªø,not spam
How stupid humanity isÔªø,not spam
Come and watch my video it is called the odowd crowd zombie movie part 1 Ôªø,spam
You know a song sucks dick when you need to use google translate to know  what the fuck its saying!Ôªø,not spam
"We get it, you came here for the views... Ôªø",not spam
Wow this video is the most viewed youtube video.. second that comes Justin  bieber- baby SMH WHAT HAS THE WORLD COME TOÔªø,not spam
"Hey, join me on ts≈´, a publishing platform where I share my content now:  http://tsu.co/MarkusMairhoferÔªø",spam
"This song is great there are 2,127,315,950 views wowÔªø",not spam
I'm watching this in 2014Ôªø,not spam
Most viewed video on youtube...daaaaaaaaaaannng those views can almost  dominate the entire...china...Ôªø,not spam
"how does this video have 2,127,322,484 views if there are only 7 million  people on earth?Ôªø",not spam
What my gangnam styleÔªø,not spam
Lol this youtuber (officialpsy) is getting so much money lolÔªø,not spam
1 million dislikes!EPIC FAIL(ready for you fanboys)Ôªø,not spam
"If I knew Korean, this would be even funnier. At least a bit at the end was  in English, but was spoken quite rapidly.Ôªø",not spam
"Enough with the whole ""how does this have two billion views if there's only  7 million on the planet"" we get it. You're joking. It's not funny anymore.Ôªø",not spam
"If I get 100 subscribers, I will summon Freddy Mercury's ghost to whipe  from the face of earth One Direction and Miley Cirus.Ôªø",spam
if i reach 100 subscribers i will go round in public pouring a bucket of  ice water over people and then running away acting like it wasn't me! like  so people can see!!Ôªø,spam
YOUTUBE MONEY !!!!!!!!!!!!!!!!!!!!!!!Ôªø,not spam
2 billion for this shit?Ôªø,not spam
"2 billion views, only 2 million sharesÔªø",not spam
Hi guys my name is Dylan and I do IRL football videos I have 1030  subscribers and I think you guys would like my content so come check it out  and if you do subscribe!Ôªø,spam
If I get 300 subscribers by tomorrow I'll do a epic Hunger Games Video! Ôªø,spam
follower please https://www.facebook.com/lists/161620527267482Ôªø,spam
2 billion views wow not even baby by justin beibs has that much he doesn't  deserve a capitalized nameÔªø,not spam
If i reach 100 subscribers i will tazz my self and my friendÔªø,spam
Please help me go to college guys! Thanks from the bottom of my heart.  https://www.indiegogo.com/projects/i-want-to-go-to-college--19/x/9082175Ôªø,spam
https://www.facebook.com/SchoolGeniusNITS/photos/ms.c.eJw9kVkOxDAMQm808h5z~;4sNjqP~_tHqBEuM69AQUp1Ih~_fPHgk5zLLsVdQv0ZUf0MB~;LnUJ~;ufTH4YoKfRxYts2zvrrp6qGtw67y~;L551h~;f7~_vlcZzRG8vGCTlPSD9ONGeWhj8~_GIbu~;S3lzMvY~;IQ2~;TwSfzz9WHn7JUSvHufpglQRZczl05fNPhaGeVb3x8yDmC6X~_~;jTcjnMho~;vfXWCjZyvWObihrnGx2ocjnG2PG1EvHXzyjD~_o3h~_RY6f57sPrnD2xV~;~_BzszZ~;8~-.bps.a.390875584405933/391725794320912/?type=1&amp;theater Ôªø,spam
I am so awesome and smart!!! Sucscribe to me!Ôªø,spam
Follow 4 Follow                           @ VaahidMustafic Like 4 Like Ôªø,spam
http://hackfbaccountlive.com/?ref=4436607  psy news offƒ±cal Ôªø,spam
https://www.facebook.com/nicushorbboy add mee &lt;3 &lt;3Ôªø,spam
im sorry for the spam but My name is Jenny. I go to high school where  everyone dresses fashionable but for me I don't because i need money to buy  cute clothes. I have low self esteem . I live with my dad. my mom passed  away when i was 6 so i don't really have a mother figure. I have 2 brothers  who is older than me. Since they are boys they get the attention while i  just be alone. I really want to wear pretty clothes like the girls in my  school and get a boyfriend. i just can't be my self. im very quite and shy  at school because i don't have the confidence in myself to talk to someone.  i did have one friend name Caroline but she moved away so now im alone. if  you could donate some money to me it would be great. i don't care about  expensive brand ill just shop at walmart because they have pretty clothes.  also i wanna get my nails done at a salon . i see alot of girls have these  french tips. i never had my nail did at a salon before i will really  appreciate if i can and get my hair curled too. http://www.gofundme.com/dressprettyonce thanks omg please.Ôªø,spam
 I hate this song! Ôªø,not spam
please throw a sub on my channelÔªø,spam
"NEW GOAL!   3,000,000!  Let's go for it!Ôªø",not spam
Go to my channel if u want to see a fly getting burned aliveÔªø,spam
just came here to check the views :PÔªø,not spam
"COME AND CHECK OUT MY NEW YOUTUBE CHHANEL, GOING TO BE POSTING DAILY!Ôªø",spam
I hav absolutely no idea what he's saying. Is it even a language?Ôªø,not spam
Please check out my vidios guysÔªø,spam
I still to this day wonder why this video is so popular ?? illuminati  confirmed ??Ôªø,not spam
Hey guys can you check my channel out plz. I do mine craft videos. Let's  shoot for 20 subsÔªø,spam
This is getting old.........Ôªø,not spam
PLEASE SUBSCRIBE ME!!!!!!!!!!!!!!!!!!!!!!!!!!!!!!!!!!!!!!!!!!!!!!!!!!!!Ôªø,spam
just came to check the view countÔªø,not spam
Check out my Music Videos! Fuego - U LA LA Remix  hyperurl.co/k6a5xtÔªø,spam
Check out my Music Videos! and PLEASE SUBSCRIBE!!!! Fuego - U LA LA Remix  hyperurl.co/k6a5xtÔªø,spam
www.marketglory.com/strategygame/lordviperasÔªø,spam
"If the shitty Chinese Government didn't block YouTube over there, there'd  be close to 3 billion views right now. Ôªø",not spam
WORLD RECORD YOUTUBE VIDEO VIEWS !!!!!! XDÔªø,not spam
I think he was drunk during this :) x)Ôªø,not spam
Limit sun exposure while driving. Eliminate the hassle of having to swing  the car visor between the windshield and window.  https://www.kickstarter.com/projects/733634264/visortwinÔªø,spam
"Hahah, juyk! I allways laugh at the part 1:57.. LOL!Ôªø",not spam
http://hackfbaccountlive.com/?ref=5242575Ôªø,spam
"I wanted to know the name of the guy that dances at 00:58, anybody knows ?Ôªø",not spam
https://www.facebook.com/FUDAIRYQUEEN?pnref=storyÔªø,spam
"Haha its so funny to see the salt of westerners that top views of youtube  goes to video they dont even understand, keep the salt up!Ôªø",not spam
FOLLOW MY COMPANY ON TWITTER  thanks.  https://twitter.com/TheWaxedHatCoÔªø,spam
imagine if this guy put adsense on with all these views... u could pay ur  morgageÔªø,not spam
Hey come check us out were new on youtube let us know what you think and  don't forget to subscribe thanks.Ôªø,spam
"The girl in the train who was dancing, her outfit was so fucking sexy, but  the huge turn-off was she lacked eyebrows D:Ôªø",not spam
"Look at the pictures, if not difficult http://image2you.ru/48051/1340524/        http://image2you.ru/48051/1340523/          http://image2you.ru/48051/1340522/ http://image2you.ru/48051/1340521/             http://image2you.ru/48051/1340520/       http://image2you.ru/48051/1340519/  http://image2you.ru/48051/1340518/            http://image2you.ru/48051/1340517/          http://image2you.ru/48051/1340504/ http://image2you.ru/48051/1340503/              http://image2you.ru/48051/1340502/            http://image2you.ru/48051/1340500/ http://image2you.ru/48051/1340499/        http://image2you.ru/48051/1340494/             http://image2you.ru/48051/1340493/ http://image2you.ru/48051/1340492/        http://image2you.ru/48051/1340491/           http://image2you.ru/48051/1340490/ http://image2you.ru/48051/1340489/             http://image2you.ru/48051/1340488/Ôªø",spam
"Don't mind me, I'm just checking what the views are up to : )Ôªø",not spam
"Hey guys can you check my YouTube channel I know you hate comments like  this one but I promise if you check my videos it will be entertaining I do  Shotgun Montages,Ninja Defuse Montages and Trolling please guys can you  check them out and thanks have a good day!!!!!!!Ôªø",spam
"To everyone joking about how he hacked to get 2 billion views because  there's a certain amount of people or whatever,  He actually did buy views.Ôªø",not spam
https://www.facebook.com/tofikmiedzynB/photos/a.1496273723978022.1073741828.1496241863981208/1498561870415874/?type=1&amp;theater Ôªø,spam
https://www.facebook.com/eeccon/posts/733949243353321?comment_id=734237113324534&amp;offset=0&amp;total_comments=74   please like frigea marius gabriel comment :DÔªø,spam
"http://www.bing.com/explore/rewards?PUBL=REFERAFRIEND&amp;CREA=RAW&amp;rrid=_0f9fa8aa-243a-5c2f-c349-ede05ea397ca Bing rewards, earn free money. AND NO U CANT GET UR VIRUS IN BLUE!Ôªø",spam
Please do buy these new Christmas shirts! You can buy at any time before  December 4th and they are sold worldwide! Don't miss out:  http://teespring.com/treechristmasÔªø,spam
Free my apps get 1m crdits ! Just click on the link and download a app and  done!! ¬∑ Link: https://m.freemyapps.com/share/url/5af506e1Ôªø,spam
Why does a song like this have more views than Michael Jackson SMHÔªø,not spam
" Something to dance to, even if your sad JUST dance!!   PSY - GANGNAM STYLE (Í∞ïÎÇ®Ïä§ÌÉÄÏùº) M/V: http://youtu.be/9bZkp7q19f0Ôªø",not spam
everyones back lool this is almost 3 years old and people are still hear!  xDÔªø,not spam
How can this have 2 billion views when there's only me on the planet? LOLÔªø,not spam
I don't now why I'm watching this in 2014Ôªø,not spam
subscribe to me for call of duty vids and give aways Goal-100 subsÔªø,spam
hi guys please my android photo editor download. thanks https://play.google.com/store/apps/details?id=com.butalabs.photo.editorÔªø,spam
"The first billion viewed this because they thought it was really cool, the  other billion and a half came to see how stupid the first billion were...Ôªø",not spam
